<BackupInst xmlns="http://www.microsoft.com/GroupPolicy/GPOOperations/Manifest"><GPOGuid><![CDATA[{9C0E2FF7-0E12-4644-A1CC-2AA0437509A8}]]></GPOGuid><GPODomain><![CDATA[billu.lan]]></GPODomain><GPODomainGuid><![CDATA[{f26f0ebf-8b71-4cdb-95bb-cd00f6e760f0}]]></GPODomainGuid><GPODomainController><![CDATA[SRVWIN1.billu.lan]]></GPODomainController><BackupTime><![CDATA[2023-12-01T08:48:20]]></BackupTime><ID><![CDATA[{4EC33096-7B5D-4D3D-8D5D-8288B930E2B5}]]></ID><Comment><![CDATA[]]></Comment><GPODisplayName><![CDATA[User_lock_session]]></GPODisplayName></BackupInst>
