<BackupInst xmlns="http://www.microsoft.com/GroupPolicy/GPOOperations/Manifest"><GPOGuid><![CDATA[{F6612ED2-A0C9-4B4D-8183-1BE4AEB078B4}]]></GPOGuid><GPODomain><![CDATA[billu.lan]]></GPODomain><GPODomainGuid><![CDATA[{f26f0ebf-8b71-4cdb-95bb-cd00f6e760f0}]]></GPODomainGuid><GPODomainController><![CDATA[SRVWIN1.billu.lan]]></GPODomainController><BackupTime><![CDATA[2023-12-01T08:48:37]]></BackupTime><ID><![CDATA[{1EA864A2-B660-431B-9C33-C53C979D3991}]]></ID><Comment><![CDATA[]]></Comment><GPODisplayName><![CDATA[Users_No_Install]]></GPODisplayName></BackupInst>
