<BackupInst xmlns="http://www.microsoft.com/GroupPolicy/GPOOperations/Manifest"><GPOGuid><![CDATA[{65057B3F-7197-495F-864E-F2E8BE91DF44}]]></GPOGuid><GPODomain><![CDATA[billu.lan]]></GPODomain><GPODomainGuid><![CDATA[{f26f0ebf-8b71-4cdb-95bb-cd00f6e760f0}]]></GPODomainGuid><GPODomainController><![CDATA[SRVWIN1.billu.lan]]></GPODomainController><BackupTime><![CDATA[2023-12-01T08:48:15]]></BackupTime><ID><![CDATA[{FE8D636C-15AF-4E04-9C9C-9FA02687B213}]]></ID><Comment><![CDATA[]]></Comment><GPODisplayName><![CDATA[Computer_Win_Update]]></GPODisplayName></BackupInst>
