<BackupInst xmlns="http://www.microsoft.com/GroupPolicy/GPOOperations/Manifest"><GPOGuid><![CDATA[{4ED0A2BC-BAE5-4421-870C-DA110511AC2A}]]></GPOGuid><GPODomain><![CDATA[billu.lan]]></GPODomain><GPODomainGuid><![CDATA[{f26f0ebf-8b71-4cdb-95bb-cd00f6e760f0}]]></GPODomainGuid><GPODomainController><![CDATA[SRVWIN1.billu.lan]]></GPODomainController><BackupTime><![CDATA[2023-12-01T08:48:34]]></BackupTime><ID><![CDATA[{A7A52DCC-DF80-489E-9BB0-0577C447E40B}]]></ID><Comment><![CDATA[]]></Comment><GPODisplayName><![CDATA[User_Wallpaper]]></GPODisplayName></BackupInst>
