<BackupInst xmlns="http://www.microsoft.com/GroupPolicy/GPOOperations/Manifest"><GPOGuid><![CDATA[{4F9C1B77-D294-4977-8AED-AEAFD898795A}]]></GPOGuid><GPODomain><![CDATA[billu.lan]]></GPODomain><GPODomainGuid><![CDATA[{f26f0ebf-8b71-4cdb-95bb-cd00f6e760f0}]]></GPODomainGuid><GPODomainController><![CDATA[SRVWIN1.billu.lan]]></GPODomainController><BackupTime><![CDATA[2023-12-01T08:48:30]]></BackupTime><ID><![CDATA[{746A84E7-FAD6-4ED3-8F66-CDBEC29C85AD}]]></ID><Comment><![CDATA[]]></Comment><GPODisplayName><![CDATA[User_Session_Lock]]></GPODisplayName></BackupInst>
