<BackupInst xmlns="http://www.microsoft.com/GroupPolicy/GPOOperations/Manifest"><GPOGuid><![CDATA[{BDFD89C3-5639-435D-99FC-25C47241B53F}]]></GPOGuid><GPODomain><![CDATA[billu.lan]]></GPODomain><GPODomainGuid><![CDATA[{f26f0ebf-8b71-4cdb-95bb-cd00f6e760f0}]]></GPODomainGuid><GPODomainController><![CDATA[SRVWIN1.billu.lan]]></GPODomainController><BackupTime><![CDATA[2023-12-01T08:48:11]]></BackupTime><ID><![CDATA[{CB94B0FA-02D0-47F8-890B-078F59802F3B}]]></ID><Comment><![CDATA[]]></Comment><GPODisplayName><![CDATA[Computer_Power_Management]]></GPODisplayName></BackupInst>
