<BackupInst xmlns="http://www.microsoft.com/GroupPolicy/GPOOperations/Manifest"><GPOGuid><![CDATA[{959613A7-00AD-4F53-ABCE-67A1F828FB5F}]]></GPOGuid><GPODomain><![CDATA[billu.lan]]></GPODomain><GPODomainGuid><![CDATA[{f26f0ebf-8b71-4cdb-95bb-cd00f6e760f0}]]></GPODomainGuid><GPODomainController><![CDATA[SRVWIN1.billu.lan]]></GPODomainController><BackupTime><![CDATA[2023-12-01T08:48:28]]></BackupTime><ID><![CDATA[{85F36CA9-0986-4FED-B977-5C1B89AE2F68}]]></ID><Comment><![CDATA[]]></Comment><GPODisplayName><![CDATA[User_Panel_Config]]></GPODisplayName></BackupInst>
