<BackupInst xmlns="http://www.microsoft.com/GroupPolicy/GPOOperations/Manifest"><GPOGuid><![CDATA[{53B70A82-8017-4FE3-99CF-F6E6E007852F}]]></GPOGuid><GPODomain><![CDATA[billu.lan]]></GPODomain><GPODomainGuid><![CDATA[{f26f0ebf-8b71-4cdb-95bb-cd00f6e760f0}]]></GPODomainGuid><GPODomainController><![CDATA[SRVWIN1.billu.lan]]></GPODomainController><BackupTime><![CDATA[2023-12-01T08:48:23]]></BackupTime><ID><![CDATA[{95F8EE84-CE2D-4C78-8D4D-EA9DCE909A09}]]></ID><Comment><![CDATA[]]></Comment><GPODisplayName><![CDATA[User_No_Registre]]></GPODisplayName></BackupInst>
