<BackupInst xmlns="http://www.microsoft.com/GroupPolicy/GPOOperations/Manifest"><GPOGuid><![CDATA[{4AC79C4D-0A4B-432A-9735-20781E12EB13}]]></GPOGuid><GPODomain><![CDATA[billu.lan]]></GPODomain><GPODomainGuid><![CDATA[{f26f0ebf-8b71-4cdb-95bb-cd00f6e760f0}]]></GPODomainGuid><GPODomainController><![CDATA[SRVWIN1.billu.lan]]></GPODomainController><BackupTime><![CDATA[2023-12-01T08:48:04]]></BackupTime><ID><![CDATA[{59A32B9C-F0CD-4D8C-B19B-6FDDC12A2F47}]]></ID><Comment><![CDATA[]]></Comment><GPODisplayName><![CDATA[Computer_Firewall]]></GPODisplayName></BackupInst>
