<?xml version="1.0" encoding="utf-8"?><!-- Copyright (c) Microsoft Corporation.  All rights reserved. --><GroupPolicyBackupScheme bkp:version="2.0" bkp:type="GroupPolicyBackupTemplate" xmlns:bkp="http://www.microsoft.com/GroupPolicy/GPOOperations" xmlns="http://www.microsoft.com/GroupPolicy/GPOOperations">
    <GroupPolicyObject><SecurityGroups><Group bkp:Source="FromDACL"><Sid><![CDATA[S-1-5-21-3499041510-1159202456-4121721965-519]]></Sid><SamAccountName><![CDATA[Enterprise Admins]]></SamAccountName><Type><![CDATA[UniversalGroup]]></Type><NetBIOSDomainName><![CDATA[BILLU]]></NetBIOSDomainName><DnsDomainName><![CDATA[billu.lan]]></DnsDomainName><UPN><![CDATA[Enterprise Admins@billu.lan]]></UPN></Group><Group bkp:Source="FromDACL"><Sid><![CDATA[S-1-5-21-3499041510-1159202456-4121721965-512]]></Sid><SamAccountName><![CDATA[Domain Admins]]></SamAccountName><Type><![CDATA[GlobalGroup]]></Type><NetBIOSDomainName><![CDATA[BILLU]]></NetBIOSDomainName><DnsDomainName><![CDATA[billu.lan]]></DnsDomainName><UPN><![CDATA[Domain Admins@billu.lan]]></UPN></Group></SecurityGroups><FilePaths><Path><![CDATA[\\srvwin1\share]]></Path></FilePaths><GroupPolicyCoreSettings><ID><![CDATA[{D0C84247-E4FB-4793-9B76-569E8A6F9096}]]></ID><Domain><![CDATA[billu.lan]]></Domain><SecurityDescriptor>01 00 04 9c 00 00 00 00 00 00 00 00 00 00 00 00 14 00 00 00 04 00 ec 00 08 00 00 00 05 02 28 00 00 01 00 00 01 00 00 00 8f fd ac ed b3 ff d1 11 b4 1d 00 a0 c9 68 f9 39 01 01 00 00 00 00 00 05 0b 00 00 00 00 00 24 00 ff 00 0f 00 01 05 00 00 00 00 00 05 15 00 00 00 e6 22 8f d0 98 06 18 45 6d 7c ac f5 00 02 00 00 00 02 24 00 ff 00 0f 00 01 05 00 00 00 00 00 05 15 00 00 00 e6 22 8f d0 98 06 18 45 6d 7c ac f5 00 02 00 00 00 02 24 00 ff 00 0f 00 01 05 00 00 00 00 00 05 15 00 00 00 e6 22 8f d0 98 06 18 45 6d 7c ac f5 07 02 00 00 00 02 14 00 94 00 02 00 01 01 00 00 00 00 00 05 09 00 00 00 00 02 14 00 94 00 02 00 01 01 00 00 00 00 00 05 0b 00 00 00 00 02 14 00 ff 00 0f 00 01 01 00 00 00 00 00 05 12 00 00 00 00 0a 14 00 ff 00 0f 00 01 01 00 00 00 00 00 03 00 00 00 00</SecurityDescriptor><DisplayName><![CDATA[Computer_Install_Logiciel]]></DisplayName><Options><![CDATA[1]]></Options><UserVersionNumber><![CDATA[0]]></UserVersionNumber><MachineVersionNumber><![CDATA[65537]]></MachineVersionNumber><MachineExtensionGuids><![CDATA[[{C6DC5466-785A-11D2-84D0-00C04FB169F7}{942A8E4F-A261-11D1-A760-00C04FB9603F}]]]></MachineExtensionGuids><UserExtensionGuids/><WMIFilter/></GroupPolicyCoreSettings> 
        <GroupPolicyExtension bkp:ID="{35378EAC-683F-11D2-A89A-00C04FBBCFA2}" bkp:DescName="Registry">
            
            
            <FSObjectFile bkp:Path="%GPO_FSPATH%\Adm\*.*" bkp:SourceExpandedPath="\\SRVWIN1.billu.lan\sysvol\billu.lan\Policies\{D0C84247-E4FB-4793-9B76-569E8A6F9096}\Adm\*.*"/>
        </GroupPolicyExtension>
        
        
        
        
        
        
        
        
        <GroupPolicyExtension bkp:ID="{c6dc5466-785a-11d2-84d0-00c04fb169f7}" bkp:DescName="Software Installation">
            
        <DSObject bkp:Path="cn=Class Store,%GPO_MACH_DSPATH%" bkp:ObjectClass="classStore" bkp:SourceExpandedPath="cn=Class Store,cn=Machine,cn={D0C84247-E4FB-4793-9B76-569E8A6F9096},CN=Policies,CN=System,DC=billu,DC=lan">
                <DSObject bkp:Path="cn=Packages,cn=Class Store,%GPO_MACH_DSPATH%" bkp:ObjectClass="classStore" bkp:SourceExpandedPath="cn=Packages,cn=Class Store,cn=Machine,cn={D0C84247-E4FB-4793-9B76-569E8A6F9096},CN=Policies,CN=System,DC=billu,DC=lan">
                    <DSObject bkp:Path="*,cn=Packages,cn=Class Store,%GPO_MACH_DSPATH%" bkp:ObjectClass="packageRegistration" bkp:SourceExpandedPath="*,cn=Packages,cn=Class Store,cn=Machine,cn={D0C84247-E4FB-4793-9B76-569E8A6F9096},CN=Policies,CN=System,DC=billu,DC=lan" bkp:ReEvaluateFunction="SIProcessAllPackageObjects"><DSObject bkp:ObjectClass="packageRegistration" bkp:Path="CN=7fc40fda-5ffd-4fc3-ac18-b40b75f62eeb,CN=Packages,CN=Class Store,%GPO_MACH_DSPATH%" bkp:SourceExpandedPath="CN=7fc40fda-5ffd-4fc3-ac18-b40b75f62eeb,CN=Packages,CN=Class Store,cn=Machine,cn={D0C84247-E4FB-4793-9B76-569E8A6F9096},CN=Policies,CN=System,DC=billu,DC=lan" bkp:ReEvaluateFunction="SIProcessPackageObject"><FSObjectFile bkp:Path="%GPO_MACH_FSPATH%\Applications\{54E772E3-E9D6-411D-9328-9BE1E0CA14CE}.aas" bkp:SourceExpandedPath="\\SRVWIN1.billu.lan\sysvol\billu.lan\Policies\{D0C84247-E4FB-4793-9B76-569E8A6F9096}\Machine\Applications\{54E772E3-E9D6-411D-9328-9BE1E0CA14CE}.aas" bkp:Location="DomainSysvol\GPO\Machine\Applications\{54E772E3-E9D6-411D-9328-9BE1E0CA14CE}.aas"/>
                        <SecurityDescriptor>01 00 04 8c 00 00 00 00 00 00 00 00 00 00 00 00 14 00 00 00 04 00 14 01 0a 00 00 00 00 00 24 00 ff 01 0f 00 01 05 00 00 00 00 00 05 15 00 00 00 e6 22 8f d0 98 06 18 45 6d 7c ac f5 00 02 00 00 00 00 14 00 94 00 02 00 01 01 00 00 00 00 00 05 0b 00 00 00 00 00 14 00 ff 01 0f 00 01 01 00 00 00 00 00 05 12 00 00 00 05 12 28 00 00 01 00 00 01 00 00 00 8f fd ac ed b3 ff d1 11 b4 1d 00 a0 c9 68 f9 39 01 01 00 00 00 00 00 05 0b 00 00 00 00 12 24 00 ff 00 0f 00 01 05 00 00 00 00 00 05 15 00 00 00 e6 22 8f d0 98 06 18 45 6d 7c ac f5 00 02 00 00 00 12 24 00 ff 00 0f 00 01 05 00 00 00 00 00 05 15 00 00 00 e6 22 8f d0 98 06 18 45 6d 7c ac f5 07 02 00 00 00 12 14 00 94 00 02 00 01 01 00 00 00 00 00 05 09 00 00 00 00 12 14 00 94 00 02 00 01 01 00 00 00 00 00 05 0b 00 00 00 00 12 14 00 ff 00 0f 00 01 01 00 00 00 00 00 05 12 00 00 00 00 1a 14 00 ff 00 0f 00 01 01 00 00 00 00 00 03 00 00 00 00</SecurityDescriptor>
                        <DSAttributeBinary bkp:DSAttrName="objectGUID"><DSValue><![CDATA[1a e8 e8 bf b4 fa a0 4d a4 7b ee 75 f9 1d c3 46]]></DSValue></DSAttributeBinary>
                        <DSAttributeMultiString bkp:DSAttrName="cOMClassID"><DSValue><![CDATA[00000000-0000-0000-0000-000000000000:0]]></DSValue></DSAttributeMultiString>
                        <DSAttributeMultiString bkp:DSAttrName="cOMProgID"/>
                        <DSAttributeMultiString bkp:DSAttrName="fileExtPriority"/>
                        <DSAttributeMultiDWORD bkp:DSAttrName="localeID"><DSValue><![CDATA[1033]]></DSValue></DSAttributeMultiDWORD>
                        <DSAttributeMultiDWORD bkp:DSAttrName="machineArchitecture"><DSValue><![CDATA[150996226]]></DSValue></DSAttributeMultiDWORD>
                        <DSAttributeDWORD bkp:DSAttrName="versionNumberHi"><DSValue><![CDATA[1]]></DSValue></DSAttributeDWORD>
                        <DSAttributeDWORD bkp:DSAttrName="versionNumberLo"><DSValue><![CDATA[6]]></DSValue></DSAttributeDWORD>
                        <DSAttributeDWORD bkp:DSAttrName="revision"><DSValue><![CDATA[0]]></DSValue></DSAttributeDWORD>
                        <DSAttributeDWORD bkp:DSAttrName="packageType"><DSValue><![CDATA[5]]></DSValue></DSAttributeDWORD>
                        <DSAttributeDWORD bkp:DSAttrName="packageFlags"><DSValue><![CDATA[2684374128]]></DSValue></DSAttributeDWORD>
                        <DSAttributeString bkp:DSAttrName="packageName"><DSValue><![CDATA[GLPI Agent 1.6.1]]></DSValue></DSAttributeString>
                        <DSAttributeString bkp:DSAttrName="msiScriptPath"><DSValue><![CDATA[\\billu.lan\SysVol\billu.lan\Policies\{D0C84247-E4FB-4793-9B76-569E8A6F9096}\Machine\Applications\{54E772E3-E9D6-411D-9328-9BE1E0CA14CE}.aas]]></DSValue></DSAttributeString>
                        <DSAttributeString bkp:DSAttrName="msiScriptName"><DSValue><![CDATA[A]]></DSValue></DSAttributeString>
                        <DSAttributeDWORD bkp:DSAttrName="msiScriptSize"/>
                        <DSAttributeMultiString bkp:DSAttrName="url"><DSValue><![CDATA[https://glpi-project.org/discussions/]]></DSValue></DSAttributeMultiString>
                        <DSAttributeString bkp:DSAttrName="setupCommand"/>
                        <DSAttributeString bkp:DSAttrName="lastUpdateSequence"><DSValue><![CDATA[20231130130248]]></DSValue></DSAttributeString>
                        <DSAttributeMultiString bkp:DSAttrName="msiFileList"><DSValue><![CDATA[0:\\srvwin1\share\GLPI-Agent-1.6.1-x64.msi]]></DSValue></DSAttributeMultiString>
                        <DSAttributeMultiString bkp:DSAttrName="categories"/>
                        <DSAttributeMultiString bkp:DSAttrName="canUpgradeScript"/>
                        <DSAttributeDWORD bkp:DSAttrName="installUiLevel"><DSValue><![CDATA[5]]></DSValue></DSAttributeDWORD>
                        <DSAttributeBinary bkp:DSAttrName="msiScript"/>
                        <DSAttributeString bkp:DSAttrName="displayName"><DSValue><![CDATA[GLPI Agent 1.6.1]]></DSValue></DSAttributeString>
                        <DSAttributeBinary bkp:DSAttrName="productCode"><DSValue><![CDATA[15 fe a8 cc f4 6b 14 10 ae 81 af 3f f2 c8 f7 b3]]></DSValue></DSAttributeBinary>
                        <DSAttributeBinary bkp:DSAttrName="upgradeProductCode"><DSValue><![CDATA[a8 72 ef 0d ee e5 16 41 97 dc 75 37 18 e1 9c d5]]></DSValue></DSAttributeBinary>
                        <DSAttributeString bkp:DSAttrName="Vendor"/>
                    </DSObject>
                        <SecurityDescriptor/>
                        <DSAttributeBinary bkp:DSAttrName="objectGUID"/>
                        <DSAttributeMultiString bkp:DSAttrName="cOMClassID"/>
                        <DSAttributeMultiString bkp:DSAttrName="cOMProgID"/>
                        <DSAttributeMultiString bkp:DSAttrName="fileExtPriority"/>
                        <DSAttributeMultiDWORD bkp:DSAttrName="localeID"/>
                        <DSAttributeMultiDWORD bkp:DSAttrName="machineArchitecture"/>
                        <DSAttributeDWORD bkp:DSAttrName="versionNumberHi"/>
                        <DSAttributeDWORD bkp:DSAttrName="versionNumberLo"/>
                        <DSAttributeDWORD bkp:DSAttrName="revision"/>
                        <DSAttributeDWORD bkp:DSAttrName="packageType"/>
                        <DSAttributeDWORD bkp:DSAttrName="packageFlags"/>
                        <DSAttributeString bkp:DSAttrName="packageName"/>
                        <DSAttributeString bkp:DSAttrName="msiScriptPath"/>
                        <DSAttributeString bkp:DSAttrName="msiScriptName"/>
                        <DSAttributeDWORD bkp:DSAttrName="msiScriptSize"/>
                        <DSAttributeMultiString bkp:DSAttrName="url"/>
                        <DSAttributeString bkp:DSAttrName="setupCommand"/>
                        <DSAttributeString bkp:DSAttrName="lastUpdateSequence"/>
                        <DSAttributeMultiString bkp:DSAttrName="msiFileList"/>
                        <DSAttributeMultiString bkp:DSAttrName="categories"/>
                        <DSAttributeMultiString bkp:DSAttrName="canUpgradeScript"/>
                        <DSAttributeDWORD bkp:DSAttrName="installUiLevel"/>
                        <DSAttributeBinary bkp:DSAttrName="msiScript"/>
                        <DSAttributeString bkp:DSAttrName="displayName"/>
                        <DSAttributeBinary bkp:DSAttrName="productCode"/>
                        <DSAttributeBinary bkp:DSAttrName="upgradeProductCode"/>
                        <DSAttributeString bkp:DSAttrName="Vendor"/>
                    </DSObject>
                </DSObject>
                <DSAttributeDWORD bkp:DSAttrName="appSchemaVersion"><DSValue><![CDATA[1740]]></DSValue></DSAttributeDWORD>
                <DSAttributeString bkp:DSAttrName="extensionName"><DSValue><![CDATA[Computer_Install_Logiciel]]></DSValue></DSAttributeString>
                <DSAttributeString bkp:DSAttrName="description"><DSValue><![CDATA[Application Store]]></DSValue></DSAttributeString>
                <DSAttributeExpandedString bkp:DSAttrName="displayName">
                    <DSValue>LDAP://%GPO_DSPATH%</DSValue>
                </DSAttributeExpandedString>
            </DSObject>
        </GroupPolicyExtension>
    <GroupPolicyExtension bkp:ID="{F15C46CD-82A0-4C2D-A210-5D0D3182A418}" bkp:DescName="Unknown Extension"><FSObjectDir bkp:Path="%GPO_MACH_FSPATH%\Applications" bkp:SourceExpandedPath="\\SRVWIN1.billu.lan\sysvol\billu.lan\Policies\{D0C84247-E4FB-4793-9B76-569E8A6F9096}\Machine\Applications" bkp:Location="DomainSysvol\GPO\Machine\Applications"/><FSObjectDir bkp:Path="%GPO_MACH_FSPATH%\Scripts" bkp:SourceExpandedPath="\\SRVWIN1.billu.lan\sysvol\billu.lan\Policies\{D0C84247-E4FB-4793-9B76-569E8A6F9096}\Machine\Scripts" bkp:Location="DomainSysvol\GPO\Machine\Scripts"/><FSObjectDir bkp:Path="%GPO_MACH_FSPATH%\Scripts\Shutdown" bkp:SourceExpandedPath="\\SRVWIN1.billu.lan\sysvol\billu.lan\Policies\{D0C84247-E4FB-4793-9B76-569E8A6F9096}\Machine\Scripts\Shutdown" bkp:Location="DomainSysvol\GPO\Machine\Scripts\Shutdown"/><FSObjectDir bkp:Path="%GPO_MACH_FSPATH%\Scripts\Startup" bkp:SourceExpandedPath="\\SRVWIN1.billu.lan\sysvol\billu.lan\Policies\{D0C84247-E4FB-4793-9B76-569E8A6F9096}\Machine\Scripts\Startup" bkp:Location="DomainSysvol\GPO\Machine\Scripts\Startup"/></GroupPolicyExtension></GroupPolicyObject>
</GroupPolicyBackupScheme>