<BackupInst xmlns="http://www.microsoft.com/GroupPolicy/GPOOperations/Manifest" xmlns:mfst="http://www.microsoft.com/GroupPolicy/GPOOperations/Manifest" mfst:SIPresent="true"><GPOGuid><![CDATA[{D0C84247-E4FB-4793-9B76-569E8A6F9096}]]></GPOGuid><GPODomain><![CDATA[billu.lan]]></GPODomain><GPODomainGuid><![CDATA[{f26f0ebf-8b71-4cdb-95bb-cd00f6e760f0}]]></GPODomainGuid><GPODomainController><![CDATA[SRVWIN1.billu.lan]]></GPODomainController><BackupTime><![CDATA[2023-12-01T08:48:09]]></BackupTime><ID><![CDATA[{37583528-9581-46F1-8203-4FC42780FBF6}]]></ID><Comment><![CDATA[]]></Comment><GPODisplayName><![CDATA[Computer_Install_Logiciel]]></GPODisplayName></BackupInst>
