<BackupInst xmlns="http://www.microsoft.com/GroupPolicy/GPOOperations/Manifest"><GPOGuid><![CDATA[{BBA1C5EB-DE95-4903-8B2B-755E3E336513}]]></GPOGuid><GPODomain><![CDATA[billu.lan]]></GPODomain><GPODomainGuid><![CDATA[{f26f0ebf-8b71-4cdb-95bb-cd00f6e760f0}]]></GPODomainGuid><GPODomainController><![CDATA[SRVWIN1.billu.lan]]></GPODomainController><BackupTime><![CDATA[2023-12-01T08:48:13]]></BackupTime><ID><![CDATA[{CF5DCF1C-D871-4660-BAE2-BCC110975F99}]]></ID><Comment><![CDATA[]]></Comment><GPODisplayName><![CDATA[Computer_Secure_Compte]]></GPODisplayName></BackupInst>
