<BackupInst xmlns="http://www.microsoft.com/GroupPolicy/GPOOperations/Manifest"><GPOGuid><![CDATA[{49AF9333-8FBC-4345-BEC0-2C0DD1BB1552}]]></GPOGuid><GPODomain><![CDATA[billu.lan]]></GPODomain><GPODomainGuid><![CDATA[{f26f0ebf-8b71-4cdb-95bb-cd00f6e760f0}]]></GPODomainGuid><GPODomainController><![CDATA[SRVWIN1.billu.lan]]></GPODomainController><BackupTime><![CDATA[2023-12-01T08:48:29]]></BackupTime><ID><![CDATA[{AA9ED51E-4F86-49D7-965F-BB8CE0E1A16C}]]></ID><Comment><![CDATA[]]></Comment><GPODisplayName><![CDATA[User_secure_account]]></GPODisplayName></BackupInst>
