<BackupInst xmlns="http://www.microsoft.com/GroupPolicy/GPOOperations/Manifest"><GPOGuid><![CDATA[{E3B2CEE0-1F68-48F2-8A71-7E354F00B61B}]]></GPOGuid><GPODomain><![CDATA[billu.lan]]></GPODomain><GPODomainGuid><![CDATA[{f26f0ebf-8b71-4cdb-95bb-cd00f6e760f0}]]></GPODomainGuid><GPODomainController><![CDATA[SRVWIN1.billu.lan]]></GPODomainController><BackupTime><![CDATA[2023-12-01T08:48:32]]></BackupTime><ID><![CDATA[{3E5AB60B-F35C-4ACF-B8B8-EBD57C528D5B}]]></ID><Comment><![CDATA[]]></Comment><GPODisplayName><![CDATA[User_Shortcut]]></GPODisplayName></BackupInst>
