<BackupInst xmlns="http://www.microsoft.com/GroupPolicy/GPOOperations/Manifest"><GPOGuid><![CDATA[{616D2F1E-85B9-4423-8177-78A7202725A0}]]></GPOGuid><GPODomain><![CDATA[billu.lan]]></GPODomain><GPODomainGuid><![CDATA[{f26f0ebf-8b71-4cdb-95bb-cd00f6e760f0}]]></GPODomainGuid><GPODomainController><![CDATA[SRVWIN1.billu.lan]]></GPODomainController><BackupTime><![CDATA[2023-12-01T08:48:19]]></BackupTime><ID><![CDATA[{7ACF4F51-A59E-4041-A357-CEC389AD192C}]]></ID><Comment><![CDATA[]]></Comment><GPODisplayName><![CDATA[User_Install_Logiciel]]></GPODisplayName></BackupInst>
