<BackupInst xmlns="http://www.microsoft.com/GroupPolicy/GPOOperations/Manifest"><GPOGuid><![CDATA[{DDF8C397-6A42-4CC5-876C-7DCF266F98D5}]]></GPOGuid><GPODomain><![CDATA[billu.lan]]></GPODomain><GPODomainGuid><![CDATA[{f26f0ebf-8b71-4cdb-95bb-cd00f6e760f0}]]></GPODomainGuid><GPODomainController><![CDATA[SRVWIN1.billu.lan]]></GPODomainController><BackupTime><![CDATA[2023-12-01T08:47:59]]></BackupTime><ID><![CDATA[{6448E06F-52DA-44E1-BC7F-4742C3218CDA}]]></ID><Comment><![CDATA[]]></Comment><GPODisplayName><![CDATA[Computer_Admin_Local]]></GPODisplayName></BackupInst>
