<BackupInst xmlns="http://www.microsoft.com/GroupPolicy/GPOOperations/Manifest"><GPOGuid><![CDATA[{B3934DEC-4E2F-49A2-9460-3E098594610B}]]></GPOGuid><GPODomain><![CDATA[billu.lan]]></GPODomain><GPODomainGuid><![CDATA[{f26f0ebf-8b71-4cdb-95bb-cd00f6e760f0}]]></GPODomainGuid><GPODomainController><![CDATA[SRVWIN1.billu.lan]]></GPODomainController><BackupTime><![CDATA[2023-12-01T08:48:26]]></BackupTime><ID><![CDATA[{789BBD58-557A-4652-9D16-2DB2D4E4E75E}]]></ID><Comment><![CDATA[]]></Comment><GPODisplayName><![CDATA[User_No_USB_Detection]]></GPODisplayName></BackupInst>
