<BackupInst xmlns="http://www.microsoft.com/GroupPolicy/GPOOperations/Manifest"><GPOGuid><![CDATA[{0F39ADD7-C693-4B3C-803C-8C1E24B055E3}]]></GPOGuid><GPODomain><![CDATA[billu.lan]]></GPODomain><GPODomainGuid><![CDATA[{f26f0ebf-8b71-4cdb-95bb-cd00f6e760f0}]]></GPODomainGuid><GPODomainController><![CDATA[SRVWIN1.billu.lan]]></GPODomainController><BackupTime><![CDATA[2023-12-01T08:48:22]]></BackupTime><ID><![CDATA[{D411BF51-6042-4AFF-9192-7FCE2B320655}]]></ID><Comment><![CDATA[]]></Comment><GPODisplayName><![CDATA[User_MDP]]></GPODisplayName></BackupInst>
